<?xml version="1.0"?><c><u><f><n>serialVersionUID</n><t>long</t><a>public</a><s>static</s><d></d></f></u><w><z><n>Controller</n><d> </d></z></w><v><m><n>doPost</n><d> </d><a>public</a><r> void</r><p>HttpServletRequest request</p><p>HttpServletResponse response</p></m><m><n>getClass</n><d> </d><a>public</a><r> Class</r></m><m><n>hashCode</n><d> </d><a>public</a><r> int</r></m><m><n>equals</n><d> </d><a>public</a><r> boolean</r><p>Object arg0</p></m><m><n>clone</n><d> </d><a>public</a><r> Object</r></m><m><n>toString</n><d> </d><a>public</a><r> String</r></m><m><n>notify</n><d> </d><a>public</a><r> void</r></m><m><n>notifyAll</n><d> </d><a>public</a><r> void</r></m><m><n>wait</n><d> </d><a>public</a><r> void</r><p>long arg0</p></m><m><n>wait</n><d> </d><a>public</a><r> void</r><p>long arg0</p><p>int arg1</p></m><m><n>wait</n><d> </d><a>public</a><r> void</r></m><m><n>finalize</n><d> </d><a>public</a><r> void</r></m></v></c>