<?xml version="1.0"?><c><u><f><n>serialVersionUID</n><t>long</t><a>public</a><s>static</s><d></d></f><f><n>name</n><t>java.lang.String</t><a>private</a><s>instance</s><d></d></f><f><n>address</n><t>java.lang.String</t><a>private</a><s>instance</s><d></d></f><f><n>city</n><t>java.lang.String</t><a>private</a><s>instance</s><d></d></f><f><n>state</n><t>java.lang.String</t><a>private</a><s>instance</s><d></d></f><f><n>zip</n><t>java.lang.String</t><a>private</a><s>instance</s><d></d></f><f><n>attendees</n><t>int</t><a>private</a><s>instance</s><d></d></f><f><n>cds</n><t>int</t><a>private</a><s>instance</s><d></d></f><f><n>guildmember</n><t>boolean</t><a>private</a><s>instance</s><d></d></f><f><n>date</n><t>java.util.Date</t><a>private</a><s>instance</s><d></d></f><f><n>confirmationNumber</n><t>int</t><a>private</a><s>instance</s><d></d></f><f><n>conferencePrice</n><t>double</t><a>private</a><s>static</s><d></d></f><f><n>cdPrice</n><t>double</t><a>private</a><s>static</s><d></d></f><f><n>guildDiscount</n><t>double</t><a>private</a><s>static</s><d></d></f></u><w><z><n>RegistrationBean</n><d> </d></z></w><v><m><n>getName</n><d>Retrieve the name property </d><a>public</a><r> String</r></m><m><n>setName</n><d>Set the name property </d><a>public</a><r> void</r><p>String name</p></m><m><n>getAddress</n><d>Retrieve the address property </d><a>public</a><r> String</r></m><m><n>setAddress</n><d>Set the address property </d><a>public</a><r> void</r><p>String address</p></m><m><n>getCity</n><d>Retrieve the city property </d><a>public</a><r> String</r></m><m><n>setCity</n><d>Set the city property </d><a>public</a><r> void</r><p>String city</p></m><m><n>getState</n><d>Retrieve the state property </d><a>public</a><r> String</r></m><m><n>setState</n><d>Set the state property </d><a>public</a><r> void</r><p>String state</p></m><m><n>getZip</n><d>Retrieve the zip property </d><a>public</a><r> String</r></m><m><n>setZip</n><d>Set the zip property </d><a>public</a><r> void</r><p>String zip</p></m><m><n>getAttendees</n><d>Retrieve the attendees property </d><a>public</a><r> int</r></m><m><n>setAttendees</n><d>Set the attendees property </d><a>public</a><r> void</r><p>int attendees</p></m><m><n>getCds</n><d>Retrieve the cds property </d><a>public</a><r> int</r></m><m><n>setCds</n><d>Set the cds property </d><a>public</a><r> void</r><p>int cds</p></m><m><n>getGuildmember</n><d>Retrieve the guildmember property </d><a>public</a><r> boolean</r></m><m><n>setGuildmember</n><d>Set the guildmember property </d><a>public</a><r> void</r><p>boolean guildmember</p></m><m><n>getDate</n><d>Retrieve the registration date property </d><a>public</a><r> Date</r></m><m><n>setDate</n><d>Set the registration date property </d><a>public</a><r> void</r><p>Date d</p></m><m><n>getConfirmationNumber</n><d>Retrieve the confirmation number property </d><a>public</a><r> int</r></m><m><n>setConfirmationNumber</n><d>Set the confirmationNumber property </d><a>public</a><r> void</r><p>int confirmationNumber</p></m><m><n>getAmountDue</n><d>Retrieve total amount, based on:

       attendees, cds and guildmember properties </d><a>public</a><r> double</r></m><m><n>getClass</n><d> </d><a>public</a><r> Class</r></m><m><n>hashCode</n><d> </d><a>public</a><r> int</r></m><m><n>equals</n><d> </d><a>public</a><r> boolean</r><p>Object arg0</p></m><m><n>clone</n><d> </d><a>public</a><r> Object</r></m><m><n>toString</n><d> </d><a>public</a><r> String</r></m><m><n>notify</n><d> </d><a>public</a><r> void</r></m><m><n>notifyAll</n><d> </d><a>public</a><r> void</r></m><m><n>wait</n><d> </d><a>public</a><r> void</r><p>long arg0</p></m><m><n>wait</n><d> </d><a>public</a><r> void</r><p>long arg0</p><p>int arg1</p></m><m><n>wait</n><d> </d><a>public</a><r> void</r></m><m><n>finalize</n><d> </d><a>public</a><r> void</r></m></v></c>